{
	" ": 0.0,
	"!": 0.15652879156528793,
	"\"": 0.110393661488552,
	"#": 0.3473391977041612,
	"$": 0.40623245367770916,
	"%": 0.35850645704660306,
	"&": 0.41824193649011165,
	"'": 0.058019839041736854,
	"(": 0.22272131761182856,
	")": 0.22134880529041112,
	"*": 0.18388545760808533,
	"+": 0.17568157714143115,
	",": 0.10247052217855138,
	"-": 0.062449310624493104,
	".": 0.058487740969492795,
	"/": 0.18706719071682576,
	"0": 0.405826938673654,
	"1": 0.25460103562293346,
	"2": 0.28860190903986527,
	"3": 0.2896000998190779,
	"4": 0.3197953708902614,
	"5": 0.3005178114667166,
	"6": 0.34481252729427914,
	"7": 0.24299706781458608,
	"8": 0.3782519183979038,
	"9": 0.3504897373510512,
	":": 0.09981907792126771,
	";": 0.1519745461351301,
	"<": 0.1632665793249735,
	"=": 0.15871233389481565,
	">": 0.16292345124461913,
	"?": 0.21171002557863872,
	"@": 0.5445442635223657,
	"A": 0.3422546634225466,
	"B": 0.39912034437581884,
	"C": 0.27297398465281675,
	"D": 0.37310499719258844,
	"E": 0.3067876972986462,
	"F": 0.25219913906045294,
	"G": 0.366772724436958,
	"H": 0.35242373198577576,
	"I": 0.2654563603468713,
	"J": 0.24402645205564913,
	"K": 0.3417867614947907,
	"L": 0.20905858132135505,
	"M": 0.3873292157963691,
	"N": 0.4032378813400711,
	"O": 0.3706407137064071,
	"P": 0.31393100006238694,
	"Q": 0.4435086405889326,
	"R": 0.366616757127706,
	"S": 0.3226027824567971,
	"T": 0.22755630419863995,
	"U": 0.33308378563853014,
	"V": 0.31134194272880406,
	"W": 0.3867053465593612,
	"X": 0.32609645018404143,
	"Y": 0.2512945286667914,
	"Z": 0.3076923076923077,
	"[": 0.25048349865868114,
	"\\": 0.18706719071682576,
	"]": 0.25609832179175246,
	"^": 0.11978289350552124,
	"_": 0.09401709401709402,
	"`": 0.03708902614012103,
	"a": 0.2899120344375819,
	"b": 0.3497722877284921,
	"c": 0.2185413937238755,
	"d": 0.3467153284671533,
	"e": 0.2808971239628174,
	"f": 0.2597479568282488,
	"g": 0.40280117287416556,
	"h": 0.3195458231954582,
	"i": 0.2395345935491921,
	"j": 0.2857633040114792,
	"k": 0.3060390542142367,
	"l": 0.2466778963129328,
	"m": 0.33735728991203445,
	"n": 0.2718510200262025,
	"o": 0.292282737538212,
	"p": 0.34855574271632667,
	"q": 0.34855574271632667,
	"r": 0.20072992700729927,
	"s": 0.2458044793811217,
	"t": 0.2510449809719883,
	"u": 0.2710087965562418,
	"v": 0.2337326096450184,
	"w": 0.3158026077734107,
	"x": 0.2573772537276187,
	"y": 0.3008921330089213,
	"z": 0.24702102439328716,
	"{": 0.24720818516438955,
	"|": 0.20437956204379562,
	"}": 0.24814398901990142,
	"~": 0.13141805477571902
}